lugar,lat,lon,menciones,doc_ids
Antioquia,6.5709,-75.456,98,F3-ALERTAS-012 | F3-ALERTAS-021 | F3-ALERTAS-067 | F3-ALERTAS-069 | F3-ALERTAS-075 | F3-ALERTAS-092 | F3-ALERTAS-124 | F3-ALERTAS-179
Cauca,2.7156,-76.6627,97,F3-ALERTAS-049 | F3-ALERTAS-070 | F3-ALERTAS-085 | F3-ALERTAS-236 | F3-ALERTAS-256 | F3-ALERTAS-257 | F3-ALERTAS-308 | F3-ALERTAS-331
Nariño,1.5842,-77.8586,97,F3-ALERTAS-017 | F3-ALERTAS-020 | F3-ALERTAS-029 | F3-ALERTAS-070 | F3-ALERTAS-223 | F3-ALERTAS-248 | F3-ALERTAS-271 | F3-ALERTAS-301
Norte de Santander,8.4418,-73.0493,83,F3-ALERTAS-055 | F3-ALERTAS-079 | F3-ALERTAS-093 | F3-ALERTAS-219 | F3-ALERTAS-220 | F3-ALERTAS-227 | F3-ALERTAS-262 | F3-ALERTAS-267
Chocó,6.0,-77.0,80,F3-ALERTAS-063 | F3-ALERTAS-092 | F3-ALERTAS-100 | F3-ALERTAS-101 | F3-ALERTAS-105 | F3-ALERTAS-124 | F3-ALERTAS-139 | F3-ALERTAS-163
Valle del Cauca,3.6984,-76.5502,67,F3-ALERTAS-006 | F3-ALERTAS-057 | F3-ALERTAS-066 | F3-ALERTAS-078 | F3-ALERTAS-099 | F3-ALERTAS-130 | F3-ALERTAS-149 | F3-ALERTAS-187
Córdoba,8.3345,-75.6666,51,F3-ALERTAS-038 | F3-ALERTAS-060 | F3-ALERTAS-098 | F3-ALERTAS-132 | F3-ALERTAS-193 | F3-ALERTAS-328 | F3-ALERTAS-337 | F3-ALERTAS-360
Putumayo,0.5,-76.0,51,F3-ALERTAS-070 | F3-ALERTAS-286 | F3-ALERTAS-327 | F3-ALERTAS-389 | F3-AMAZONUW-004 | F3-AMAZONUW-014 | F3-MAPPOEA-004 | F3-MAPPOEA-013
Catatumbo,8.5,-72.9,42,F3-ALERTAS-045 | F3-ALERTAS-083 | F3-ALERTAS-144 | F3-ALERTAS-220 | F3-ALERTAS-368 | F3-MAPPOEA-014 | F3-MAPPOEA-016 | F3-MAPPOEA-018
Bolívar,9.37,-74.8,42,F3-ALERTAS-030 | F3-ALERTAS-066 | F3-ALERTAS-083 | F3-ALERTAS-144 | F3-ALERTAS-280 | F3-ALERTAS-419 | F3-MAPPOEA-012 | F3-MAPPOEA-013
Arauca,6.6667,-71.0,41,F3-MAPPOEA-013 | F3-MAPPOEA-014 | F3-MAPPOEA-016 | F3-MAPPOEA-018 | F3-MAPPOEA-019 | F3-MAPPOEA-020 | F3-MAPPOEA-022 | F3-MAPPOEA-023
Caquetá,1.1153,-74.1057,31,F3-ALERTAS-096 | F3-ALERTAS-389 | F3-AMAZONUW-014 | F3-MAPPOEA-013 | F3-MAPPOEA-014 | F3-MAPPOEA-015 | F3-MAPPOEA-016 | F3-MAPPOEA-020
Meta,3.35,-72.95,28,F3-ALERTAS-292 | F3-ALERTAS-389 | F3-MAPPOEA-014 | F3-MAPPOEA-016 | F3-MAPPOEA-018 | F3-MAPPOEA-020 | F3-MAPPOEA-022 | F3-MAPPOEA-023
Guaviare,1.7899,-72.3762,26,F3-ALERTAS-389 | F3-MAPPOEA-013 | F3-MAPPOEA-014 | F3-MAPPOEA-016 | F3-MAPPOEA-018 | F3-MAPPOEA-019 | F3-MAPPOEA-020 | F3-MAPPOEA-021
Bogotá,4.6534,-74.0836,26,F3-ALERTAS-035 | F3-ALERTAS-086 | F3-ALERTAS-188 | F3-ALERTAS-194 | F3-ALERTAS-240 | F3-ALERTAS-304 | F3-ALERTAS-363 | F3-ALERTAS-370
Bajo Cauca,7.8833,-75.1167,23,F3-ALERTAS-012 | F3-ALERTAS-398 | F3-MAPPOEA-018 | F3-MAPPOEA-019 | F3-MAPPOEA-020 | F3-MAPPOEA-021 | F3-MAPPOEA-023 | F3-MAPPOEA-027
Cesar,9.3333,-73.5,22,F3-ALERTAS-055 | F3-ALERTAS-083 | F3-ALERTAS-087 | F3-ALERTAS-104 | F3-ALERTAS-123 | F3-ALERTAS-144 | F3-ALERTAS-178 | F3-ALERTAS-220
Cundinamarca,4.7832,-73.6731,16,F3-ALERTAS-086 | F3-ALERTAS-295 | F3-ALERTAS-339 | F3-ALERTAS-381 | F3-ALERTAS-392 | F3-ALERTAS-396 | F3-ALERTAS-399 | F3-ALERTAS-402
Buenaventura,3.8801,-77.0312,16,F3-ALERTAS-057 | F3-ALERTAS-203 | F3-ALERTAS-284 | F3-ALERTAS-356 | F3-ALERTAS-399 | F3-MAPPOEA-015 | F3-MAPPOEA-016 | F3-MAPPOEA-018
Sur de Bolívar (Colombia),8.1,-74.25,13,F3-ALERTAS-419 | F3-MAPPOEA-018 | F3-MAPPOEA-020 | F3-MAPPOEA-021 | F3-MAPPOEA-023 | F3-MAPPOEA-028 | F3-MAPPOEA-029 | F3-MAPPOEA-031
Tumaco,1.8063,-78.765,11,F3-MAPPOEA-013 | F3-MAPPOEA-016 | F3-MAPPOEA-020 | F3-MAPPOEA-022 | F3-MAPPOEA-028 | F3-MAPPOEA-029 | F3-MAPPOEA-035
Magdalena,10.5808,-74.0686,9,F3-ALERTAS-104 | F3-ALERTAS-127 | F3-ALERTAS-178 | F3-MAPPOEA-013 | F3-MAPPOEA-018 | F3-MAPPOEA-027 | F3-MAPPOEA-033
Florida (Colombia),3.32,-76.23,8,F3-ALERTAS-104 | F3-ALERTAS-216 | F3-ALERTAS-271 | F3-ALERTAS-308 | F3-ALERTAS-351 | F3-ALERTAS-417 | F3-MAPPOEA-009
Tolima,4.0356,-75.2087,8,F3-ALERTAS-016 | F3-ALERTAS-141 | F3-ALERTAS-295 | F3-ALERTAS-417 | F3-MAPPOEA-014 | F3-MAPPOEA-015
Urabá,6.594,-76.7281,7,F3-ALERTAS-067 | F3-ALERTAS-398 | F3-MAPPOEA-022 | F3-MAPPOEA-028 | F3-MAPPOEA-034
Barranquilla,11.0102,-74.8232,7,F3-ALERTAS-171 | F3-ALERTAS-191 | F3-ALERTAS-275 | F3-ALERTAS-381 | F3-MAPPOEA-028
Buenos Aires (Colombia),3.02,-76.64,6,F3-ALERTAS-077 | F3-ALERTAS-216 | F3-ALERTAS-308 | F3-ALERTAS-320 | F3-MAPPOEA-028
Risaralda,5.2103,-75.9842,6,F3-ALERTAS-007 | F3-ALERTAS-010 | F3-ALERTAS-024 | F3-ALERTAS-215 | F3-ALERTAS-290
Valle,3.6984,-76.5502,5,F3-ALERTAS-095 | F3-ALERTAS-386 | F3-ALERTAS-417 | F3-MAPPOEA-015 | F3-MAPPOEA-018
Caldas,5.3303,-75.2873,5,F3-ALERTAS-112 | F3-ALERTAS-180 | F3-ALERTAS-290 | F3-ALERTAS-361 | F3-MAPPOEA-034
Magdalena Medio,6.5748,-74.6094,5,F3-ALERTAS-016 | F3-ALERTAS-083 | F3-ALERTAS-419 | F3-MAPPOEA-014
Tierralta,8.1718,-76.0601,5,F3-ALERTAS-038 | F3-ALERTAS-328 | F3-ALERTAS-360 | F3-ALERTAS-424 | F3-MAPPOEA-014
Medellín,6.2697,-75.6026,5,F3-ALERTAS-077 | F3-ALERTAS-252 | F3-ALERTAS-288 | F3-MAPPOEA-016 | F3-MAPPOEA-031
Cali,3.4108,-76.5812,5,F3-ALERTAS-006 | F3-ALERTAS-362 | F3-ALERTAS-392 | F3-MAPPOEA-020 | F3-MAPPOEA-035
Bucaramanga,7.167,-73.1047,5,F3-ALERTAS-125 | F3-ALERTAS-136 | F3-ALERTAS-231 | F3-ALERTAS-419
Atlántico,10.6773,-74.9719,5,F3-ALERTAS-171 | F3-ALERTAS-191 | F3-ALERTAS-238 | F3-ALERTAS-275 | F3-MAPPOEA-018
Cáceres (Colombia),7.58,-75.35,4,F3-MAPPOEA-020 | F3-MAPPOEA-021 | F3-MAPPOEA-028 | F3-MAPPOEA-034
Darién,8.2159,-78.0173,4,F3-MAPPOEA-023 | F3-MAPPOEA-034 | F3-RESDAL-024 | F3-RESDAL-092
Sucre,9.0,-75.0,4,F3-ALERTAS-022 | F3-ALERTAS-077 | F3-ALERTAS-338 | F3-MAPPOEA-013
Montería,8.6046,-75.9783,3,F3-ALERTAS-060 | F3-MAPPOEA-034
